id,first_name,last_name,email,gender,ip_address
1,Catie,Von Welden,cvonwelden0@twitpic.com,Female,172.171.9.212
2,Franky,Warbey,fwarbey1@blogtalkradio.com,Male,52.135.86.163
3,Lyell,Nursey,lnursey2@about.me,Male,129.104.18.183
4,Dorey,Balderston,dbalderston3@cargocollective.com,Male,105.167.186.132
5,Bryant,Vouls,bvouls4@myspace.com,Male,199.90.68.59
6,Radcliffe,O' Molan,romolan5@yelp.com,Male,194.153.103.36
7,Holden,Shelton,hshelton6@theglobeandmail.com,Male,124.251.216.194
8,Niel,Wipper,nwipper7@alexa.com,Male,116.10.236.84
9,Loy,Brundle,lbrundle8@archive.org,Male,73.175.30.114
10,Elinore,Dymott,edymott9@xinhuanet.com,Female,14.208.198.221
11,Betsey,Boynes,bboynesa@virginia.edu,Non-binary,8.24.13.32
12,Stanislas,Sindell,ssindellb@dion.ne.jp,Male,193.52.150.70
13,Daisi,Lunbech,dlunbechc@mit.edu,Female,161.148.95.182
14,Werner,Callam,wcallamd@msn.com,Male,173.36.225.155
15,Philip,Lynds,plyndse@nature.com,Male,6.172.199.231
16,Ad,Blaisdale,ablaisdalef@wunderground.com,Male,134.88.37.3
17,Nicolas,Fulle,nfulleg@g.co,Male,236.133.13.151
18,Brittany,Grimsdike,bgrimsdikeh@army.mil,Female,127.108.87.25
19,Austin,Artus,aartusi@washingtonpost.com,Genderfluid,178.140.71.32
20,Vilhelmina,Kliemchen,vkliemchenj@jiathis.com,Female,160.173.219.16
21,Faustina,Scapelhorn,fscapelhornk@t.co,Female,241.236.83.46
22,Si,Uc,sucl@foxnews.com,Male,153.229.89.14
23,Bastian,Magenny,bmagennym@domainmarket.com,Male,53.88.206.104
24,Drucy,Abramin,dabraminn@google.co.uk,Female,114.129.118.25
25,Cristie,Houndson,choundsono@jigsy.com,Genderqueer,209.153.132.248
26,Kerwin,Harkin,kharkinp@artisteer.com,Male,40.128.23.133
27,Aridatha,Iorizzi,aiorizziq@mail.ru,Female,226.238.81.188
28,Joelly,Millsom,jmillsomr@tmall.com,Female,106.79.230.25
29,Dionis,Dayley,ddayleys@earthlink.net,Female,195.204.0.85
30,Sianna,Trenaman,strenamant@wikispaces.com,Female,194.211.145.7
31,Greg,Ollerenshaw,gollerenshawu@google.co.jp,Male,19.241.22.110
32,Nefen,Kinrade,nkinradev@princeton.edu,Male,117.75.46.241
33,Nicko,Haycock,nhaycockw@shinystat.com,Male,117.28.45.74
34,Allyn,Langridge,alangridgex@seattletimes.com,Female,202.189.28.170
35,Sofia,Wellum,swellumy@artisteer.com,Female,230.158.7.1
36,Reggy,Musto,rmustoz@mlb.com,Male,20.68.133.129
37,Inigo,Coole,icoole10@github.com,Male,124.97.165.104
38,Brad,Candlish,bcandlish11@cbc.ca,Male,170.60.7.26
39,Joete,Sargison,jsargison12@nba.com,Female,112.214.90.152
40,Barnabe,Caddick,bcaddick13@twitter.com,Male,16.244.149.169
41,Margarita,Dulson,mdulson14@marriott.com,Female,200.12.251.39
42,Hillery,Nichol,hnichol15@google.cn,Male,1.215.81.241
43,Sanderson,Schulke,sschulke16@unesco.org,Male,151.63.235.135
44,Claudina,Chisnell,cchisnell17@unicef.org,Female,186.239.251.227
45,Reggis,Foxwell,rfoxwell18@cisco.com,Male,132.167.11.165
46,Brit,Wraight,bwraight19@domainmarket.com,Female,198.170.19.82
47,Hercule,Neward,hneward1a@gov.uk,Male,122.117.133.167
48,Noble,Lorenzo,nlorenzo1b@china.com.cn,Male,227.148.23.174
49,Monte,Letch,mletch1c@google.nl,Male,126.227.86.173
50,Vasilis,Beeson,vbeeson1d@163.com,Male,24.87.250.64
51,Kincaid,Coan,kcoan1e@vistaprint.com,Male,224.193.221.73
52,Silvie,Whardley,swhardley1f@about.com,Female,240.182.113.86
53,Lucas,Rummer,lrummer1g@independent.co.uk,Bigender,248.216.156.227
54,Raquel,Giraldo,rgiraldo1h@wisc.edu,Agender,7.132.159.173
55,Roger,Lergan,rlergan1i@tripadvisor.com,Male,183.115.94.225
56,Nan,Studholme,nstudholme1j@opera.com,Female,179.251.4.129
57,Rennie,Chatain,rchatain1k@photobucket.com,Bigender,9.113.80.41
58,Corena,Weare,cweare1l@ustream.tv,Female,160.179.193.42
59,Moselle,Pandie,mpandie1m@hexun.com,Female,135.124.217.162
60,Loutitia,Cathersides,lcathersides1n@wp.com,Female,83.197.135.15
61,Livy,Itchingham,litchingham1o@nydailynews.com,Female,165.227.68.4
62,Cletis,Minelli,cminelli1p@cargocollective.com,Male,224.25.219.209
63,Agatha,Grimmer,agrimmer1q@amazon.co.jp,Female,5.94.150.57
64,Sammy,Sherwood,ssherwood1r@unicef.org,Female,193.252.122.129
65,Dana,Garrard,dgarrard1s@tmall.com,Female,131.76.33.42
66,Rance,Baccup,rbaccup1t@moonfruit.com,Male,111.170.66.231
67,Helenka,Rudeyeard,hrudeyeard1u@ebay.co.uk,Female,78.113.178.59
68,Minerva,Fiddy,mfiddy1v@de.vu,Female,90.209.252.205
69,Edouard,Rodway,erodway1w@hhs.gov,Male,178.108.106.30
70,Sergio,Eady,seady1x@is.gd,Male,174.69.43.109
71,Dorie,Liepins,dliepins1y@time.com,Genderqueer,223.122.11.215
72,Clementius,Drei,cdrei1z@wired.com,Male,153.244.155.30
73,Vyky,Reaney,vreaney20@vk.com,Female,155.222.128.232
74,Suzi,Ambroz,sambroz21@yahoo.co.jp,Female,219.219.229.200
75,Harland,Lynde,hlynde22@drupal.org,Male,137.83.18.18
76,Janie,Bucklan,jbucklan23@indiegogo.com,Female,94.248.16.193
77,Lib,Toulch,ltoulch24@wunderground.com,Female,130.37.90.158
78,Warde,McFadden,wmcfadden25@va.gov,Male,187.87.41.224
79,Gardner,Chaikovski,gchaikovski26@rakuten.co.jp,Male,131.118.153.195
80,Elizabet,Lamyman,elamyman27@bigcartel.com,Female,165.33.188.3
81,Norma,Eustice,neustice28@delicious.com,Female,104.51.117.160
82,Audry,Caisley,acaisley29@scientificamerican.com,Female,102.72.51.170
83,Yelena,Brann,ybrann2a@msu.edu,Female,168.147.140.247
84,Arne,Gyer,agyer2b@ted.com,Male,125.53.236.18
85,Guthrey,Dablin,gdablin2c@gmpg.org,Male,183.163.7.148
86,Rudiger,Donnersberg,rdonnersberg2d@wikipedia.org,Male,3.202.7.84
87,Man,Philippart,mphilippart2e@biglobe.ne.jp,Male,43.199.185.226
88,Preston,Stert,pstert2f@dailymail.co.uk,Male,134.231.22.12
89,Roderic,Noyce,rnoyce2g@hugedomains.com,Male,55.71.104.165
90,Halimeda,Labadini,hlabadini2h@sitemeter.com,Polygender,153.164.134.206
91,Onfroi,Cashley,ocashley2i@icq.com,Male,67.13.67.93
92,Joni,Flintoffe,jflintoffe2j@google.de,Female,102.250.180.159
93,Wit,Sultan,wsultan2k@chronoengine.com,Male,92.106.17.133
94,Josias,Tillot,jtillot2l@intel.com,Male,37.52.203.190
95,Corie,Paish,cpaish2m@elegantthemes.com,Female,195.22.196.127
96,Diana,Spivie,dspivie2n@shareasale.com,Female,208.115.95.66
97,Arielle,Attrie,aattrie2o@utexas.edu,Female,60.144.199.240
98,Merry,Kaemena,mkaemena2p@baidu.com,Male,121.226.209.171
99,Bartholomew,Gudgeon,bgudgeon2q@youtube.com,Male,78.148.239.132
100,Merissa,Deehan,mdeehan2r@zimbio.com,Female,163.186.170.211
101,Juline,Ogborne,jogborne2s@mapy.cz,Female,160.214.123.115
102,Glad,Piercy,gpiercy2t@dion.ne.jp,Female,85.98.244.163
103,Ingrid,Tarbin,itarbin2u@google.pl,Female,10.91.144.214
104,Corliss,Goforth,cgoforth2v@discovery.com,Polygender,227.68.121.11
105,Kane,Laight,klaight2w@huffingtonpost.com,Male,147.104.204.209
106,Eula,Clemencet,eclemencet2x@nyu.edu,Female,33.73.156.252
107,Bernadine,Monaghan,bmonaghan2y@youtube.com,Female,84.89.198.169
108,Vernor,Maybery,vmaybery2z@japanpost.jp,Male,188.79.176.183
109,Stewart,Postance,spostance30@accuweather.com,Male,165.113.121.77
110,Immanuel,Risbridger,irisbridger31@cloudflare.com,Bigender,142.213.232.157
111,Demetrius,Raggatt,draggatt32@springer.com,Male,97.31.163.31
112,Lyn,Oxborrow,loxborrow33@nydailynews.com,Agender,49.8.104.246
113,Nap,Dudley,ndudley34@dell.com,Genderqueer,4.109.73.145
114,Cristin,MacGraith,cmacgraith35@reverbnation.com,Female,141.8.218.205
115,Seamus,Giacobilio,sgiacobilio36@unicef.org,Male,132.147.65.193
116,Demetris,Spurett,dspurett37@bluehost.com,Male,247.174.69.84
117,Jessamyn,Vereker,jvereker38@google.fr,Female,194.184.239.110
118,See,Sandry,ssandry39@squidoo.com,Male,218.136.116.119
119,Roxie,Tolliday,rtolliday3a@webs.com,Female,47.252.129.250
120,Maynord,Malmar,mmalmar3b@mit.edu,Male,234.112.56.180
121,Harlin,Francescuzzi,hfrancescuzzi3c@scientificamerican.com,Male,6.202.224.49
122,Yancey,Melbourne,ymelbourne3d@adobe.com,Male,213.213.254.111
123,Vittorio,Aspole,vaspole3e@behance.net,Male,136.239.62.170
124,Way,Trippett,wtrippett3f@bbb.org,Male,205.101.45.97
125,Colline,Shaudfurth,cshaudfurth3g@nasa.gov,Female,107.50.249.123
126,Webb,Sykes,wsykes3h@auda.org.au,Male,75.103.125.20
127,Gasper,Caudelier,gcaudelier3i@nyu.edu,Male,220.176.41.165
128,Alisun,Tacey,atacey3j@tumblr.com,Female,244.36.187.187
129,Jeanna,Hudd,jhudd3k@symantec.com,Female,224.137.21.175
130,Jamie,Grafom,jgrafom3l@independent.co.uk,Male,88.145.215.7
131,Petr,Roderighi,proderighi3m@nymag.com,Male,189.146.53.201
132,Caleb,Kilbourne,ckilbourne3n@buzzfeed.com,Male,118.151.147.62
133,Kelcie,Jenking,kjenking3o@zdnet.com,Female,43.233.127.60
134,Rana,Titchard,rtitchard3p@eepurl.com,Female,150.11.145.49
135,Maxy,Dietzler,mdietzler3q@netvibes.com,Male,238.32.195.15
136,Cole,Bollin,cbollin3r@google.ru,Male,240.221.244.225
137,Mari,Bagott,mbagott3s@va.gov,Agender,59.147.9.209
138,Ado,Minger,aminger3t@miitbeian.gov.cn,Male,99.68.46.228
139,Lothaire,Fritchly,lfritchly3u@yellowpages.com,Male,104.140.160.111
140,Sandra,Surmeyer,ssurmeyer3v@devhub.com,Female,209.97.7.222
141,Kalil,McMechan,kmcmechan3w@weibo.com,Male,231.217.41.43
142,Elias,Dwerryhouse,edwerryhouse3x@spiegel.de,Male,51.119.44.71
143,Dag,Milkeham,dmilkeham3y@unicef.org,Male,244.211.69.134
144,Brooke,Biner,bbiner3z@webmd.com,Male,21.2.159.46
145,Doy,Cranston,dcranston40@fc2.com,Male,38.89.172.22
146,Kassia,Aldridge,kaldridge41@google.com.hk,Female,20.218.249.65
147,Cornela,Olcot,colcot42@vk.com,Female,202.76.130.236
148,Jeri,Kermit,jkermit43@stumbleupon.com,Female,31.28.93.59
149,Hillyer,Croom,hcroom44@w3.org,Male,82.212.93.142
150,Maynord,Whorall,mwhorall45@smh.com.au,Male,58.154.242.186
151,Skelly,Feild,sfeild46@virginia.edu,Polygender,70.236.235.216
152,Cyndy,Kerss,ckerss47@sciencedirect.com,Female,80.153.96.92
153,Rosy,Shellum,rshellum48@marriott.com,Female,133.166.195.33
154,Sharai,Wooton,swooton49@joomla.org,Female,236.124.200.218
155,Engelbert,Moralas,emoralas4a@multiply.com,Male,99.29.207.72
156,Mandie,Gamet,mgamet4b@auda.org.au,Female,45.212.30.125
157,Asa,Tidcombe,atidcombe4c@bloglovin.com,Male,44.154.133.125
158,Flori,Forsdyke,fforsdyke4d@imageshack.us,Female,196.120.145.140
159,Shermie,Buffery,sbuffery4e@virginia.edu,Male,109.159.136.31
160,Manny,Sebert,msebert4f@phpbb.com,Male,153.86.186.134
161,Hyatt,Tibalt,htibalt4g@etsy.com,Male,203.137.118.81
162,Reginauld,Sitch,rsitch4h@mlb.com,Male,151.9.221.21
163,Gardie,Yushachkov,gyushachkov4i@gizmodo.com,Male,238.225.221.198
164,Guenevere,Peacher,gpeacher4j@themeforest.net,Female,73.6.8.191
165,Zachery,Duplock,zduplock4k@google.co.uk,Male,178.106.180.202
166,Iorgo,Painter,ipainter4l@time.com,Male,145.159.43.95
167,Osgood,Dansey,odansey4m@theatlantic.com,Male,11.94.251.79
168,Feodor,Marsay,fmarsay4n@va.gov,Male,138.157.62.118
169,Ferdinand,Lowdyane,flowdyane4o@google.com.au,Male,59.128.38.45
170,Caitrin,Benet,cbenet4p@furl.net,Female,150.88.154.211
171,Inger,Kupke,ikupke4q@japanpost.jp,Male,155.135.30.169
172,Maurita,Iremonger,miremonger4r@hhs.gov,Female,73.117.103.240
173,Harri,Janoschek,hjanoschek4s@sitemeter.com,Female,160.125.145.7
174,Olia,Le Friec,olefriec4t@gizmodo.com,Female,142.29.95.96
175,Moore,Muscott,mmuscott4u@auda.org.au,Male,192.245.139.155
176,Orton,Budgett,obudgett4v@goodreads.com,Male,81.19.95.177
177,Artair,Prudence,aprudence4w@wp.com,Male,161.5.177.159
178,Corbett,Dubber,cdubber4x@sitemeter.com,Male,90.120.240.165
179,Jarrod,Nevison,jnevison4y@yellowbook.com,Male,7.167.29.249
180,Roana,Moulder,rmoulder4z@tiny.cc,Female,209.4.205.218
181,Amabelle,Lindeberg,alindeberg50@psu.edu,Female,0.72.96.211
182,Francene,Flaune,fflaune51@hatena.ne.jp,Female,60.179.166.51
183,Manfred,Fried,mfried52@163.com,Male,178.124.83.226
184,Antonin,Doerrling,adoerrling53@weather.com,Male,156.223.231.34
185,Olivia,Plank,oplank54@yellowbook.com,Female,192.225.75.136
186,Kelila,Jeandeau,kjeandeau55@hp.com,Agender,16.189.99.136
187,Elsy,Twohig,etwohig56@friendfeed.com,Female,36.6.214.235
188,Marcella,Longfellow,mlongfellow57@seesaa.net,Genderqueer,128.106.127.118
189,Zarla,Yeardley,zyeardley58@seattletimes.com,Female,208.235.91.32
190,Jody,Andrieu,jandrieu59@prweb.com,Agender,109.25.147.81
191,Chucho,Slayny,cslayny5a@symantec.com,Male,95.143.185.251
192,Dacia,Moralas,dmoralas5b@hao123.com,Female,15.182.237.203
193,Aldus,Shilstone,ashilstone5c@redcross.org,Male,178.219.93.18
194,Em,Balm,ebalm5d@amazon.co.jp,Female,17.16.139.118
195,Willard,Josephsen,wjosephsen5e@msn.com,Male,144.177.161.121
196,Aurlie,Broxap,abroxap5f@nasa.gov,Female,247.188.106.228
197,Lombard,Liggens,lliggens5g@sourceforge.net,Male,162.194.40.129
198,Chadwick,Parsley,cparsley5h@theglobeandmail.com,Male,98.165.77.150
199,Bear,Aubrey,baubrey5i@istockphoto.com,Male,218.209.96.193
200,Mano,Houlaghan,mhoulaghan5j@furl.net,Male,72.174.91.136
201,Mariel,Kingswold,mkingswold5k@ed.gov,Female,199.141.239.105
202,Wald,Lodemann,wlodemann5l@multiply.com,Male,171.118.194.96
203,Tricia,Foord,tfoord5m@unblog.fr,Female,143.14.71.130
204,Sonny,Langley,slangley5n@nytimes.com,Female,248.247.50.32
205,Vinnie,Walasik,vwalasik5o@example.com,Male,220.109.158.251
206,Frazier,Jessett,fjessett5p@exblog.jp,Male,210.178.148.22
207,Blake,Juza,bjuza5q@artisteer.com,Bigender,176.164.103.103
208,Nanon,Wogan,nwogan5r@wired.com,Genderfluid,101.106.194.155
209,Link,Gregorio,lgregorio5s@ucoz.com,Male,105.32.24.163
210,Hollyanne,Partlett,hpartlett5t@myspace.com,Female,30.75.63.28
211,Marieann,Dounbare,mdounbare5u@xing.com,Female,218.199.153.157
212,Karlotte,Tegler,ktegler5v@weibo.com,Genderfluid,41.45.2.243
213,Avictor,Bellord,abellord5w@skyrock.com,Male,2.82.10.207
214,Franny,Hanway,fhanway5x@deviantart.com,Female,73.236.99.126
215,Roxi,Lockhart,rlockhart5y@wordpress.org,Female,239.209.156.18
216,Clo,Bewley,cbewley5z@is.gd,Female,15.142.251.42
217,Silvano,Stygall,sstygall60@ucoz.com,Agender,72.152.125.147
218,Carmencita,Garside,cgarside61@opensource.org,Female,202.62.199.191
219,Hamish,Ianelli,hianelli62@friendfeed.com,Male,252.182.108.126
220,Ursuline,Mishow,umishow63@house.gov,Female,5.152.45.133
221,Evy,Barr,ebarr64@linkedin.com,Female,202.77.37.116
222,Franny,Daye,fdaye65@soundcloud.com,Genderqueer,246.94.62.145
223,Hilliary,Parton,hparton66@twitpic.com,Female,138.150.35.202
224,Fredric,Bosquet,fbosquet67@clickbank.net,Male,65.10.1.41
225,Yorgo,Armin,yarmin68@nba.com,Male,239.158.55.245
226,Gian,Ilyinski,gilyinski69@barnesandnoble.com,Male,140.56.197.66
227,Anderea,Shaddock,ashaddock6a@si.edu,Female,42.188.153.35
228,Pall,Gillbee,pgillbee6b@eventbrite.com,Male,113.80.156.122
229,Herrick,Gecks,hgecks6c@seesaa.net,Agender,184.52.250.215
230,Idelle,Collough,icollough6d@digg.com,Female,191.237.39.49
231,Adolpho,Tedahl,atedahl6e@webmd.com,Male,62.49.233.44
232,Matthus,Brende,mbrende6f@harvard.edu,Male,182.152.101.158
233,Esma,Cubbinelli,ecubbinelli6g@amazonaws.com,Polygender,79.0.244.21
234,Boy,Biernacki,bbiernacki6h@gnu.org,Male,134.142.206.181
235,Kim,Greenhaugh,kgreenhaugh6i@foxnews.com,Female,90.169.129.74
236,Izabel,Creevy,icreevy6j@vistaprint.com,Female,175.183.100.170
237,Cassandre,Maggorini,cmaggorini6k@wikispaces.com,Female,112.145.15.128
238,Maure,Heaton,mheaton6l@google.pl,Female,213.127.148.96
239,Hobey,Winspar,hwinspar6m@scribd.com,Male,229.100.167.20
240,Millard,Shalcras,mshalcras6n@independent.co.uk,Male,138.231.26.50
241,Katharina,Janik,kjanik6o@answers.com,Female,214.16.75.234
242,Chester,Brevitt,cbrevitt6p@moonfruit.com,Male,253.136.210.63
243,Morgan,Skellen,mskellen6q@issuu.com,Female,43.34.176.102
244,Agnella,Fass,afass6r@ft.com,Female,78.180.46.96
245,Stefa,Ruos,sruos6s@blog.com,Female,222.18.71.57
246,Beth,Oxbe,boxbe6t@seattletimes.com,Female,126.126.145.242
247,Langston,Llewelyn,lllewelyn6u@g.co,Male,37.137.148.145
248,Nicko,Marrion,nmarrion6v@tmall.com,Male,171.234.234.117
249,Giacobo,Comellini,gcomellini6w@scientificamerican.com,Male,32.113.206.180
250,Paule,Payle,ppayle6x@state.gov,Female,44.167.156.64
251,Corrie,Mitrovic,cmitrovic6y@weibo.com,Male,64.77.157.215
252,Ellyn,Burriss,eburriss6z@sohu.com,Female,104.27.219.171
253,Giffie,Willoughway,gwilloughway70@msu.edu,Male,186.35.82.27
254,Doralyn,Manifield,dmanifield71@google.es,Female,216.136.213.178
255,Madeline,McGrae,mmcgrae72@vinaora.com,Female,179.6.201.251
256,Dacia,Candish,dcandish73@wikia.com,Female,122.226.126.96
257,Desmund,Cairns,dcairns74@admin.ch,Bigender,42.87.174.107
258,Trueman,Biddles,tbiddles75@state.tx.us,Male,194.62.135.148
259,Gratiana,Branston,gbranston76@java.com,Female,49.4.113.250
260,Orren,Bastin,obastin77@barnesandnoble.com,Genderfluid,159.201.15.225
261,Annabella,Goricke,agoricke78@behance.net,Female,31.127.35.125
262,Janelle,Sadlier,jsadlier79@usda.gov,Female,27.108.114.226
263,Niccolo,Brehaut,nbrehaut7a@feedburner.com,Male,224.83.17.115
264,Clywd,Haime,chaime7b@addtoany.com,Male,185.224.63.22
265,Stavro,Badger,sbadger7c@unblog.fr,Male,80.81.209.38
266,Alan,Trout,atrout7d@github.io,Male,190.19.192.178
267,Ofella,Unworth,ounworth7e@scribd.com,Female,81.30.11.205
268,Samaria,Adamiec,sadamiec7f@blogger.com,Female,99.117.228.14
269,Thurstan,Marriot,tmarriot7g@tmall.com,Polygender,193.244.68.88
270,Hallsy,Dutton,hdutton7h@shutterfly.com,Male,246.58.143.232
271,Kurt,Samways,ksamways7i@barnesandnoble.com,Male,124.123.146.234
272,Bink,Long,blong7j@skyrock.com,Male,182.197.119.219
273,Kimmy,Kiebes,kkiebes7k@privacy.gov.au,Female,144.180.251.76
274,Franz,Ponter,fponter7l@dot.gov,Male,178.148.206.238
275,Pepito,Brumfield,pbrumfield7m@dot.gov,Male,131.113.187.243
276,Sean,Danilishin,sdanilishin7n@whitehouse.gov,Female,18.77.99.175
277,Cordie,Thackeray,cthackeray7o@slideshare.net,Male,231.31.118.32
278,Ransom,Frantzeni,rfrantzeni7p@moonfruit.com,Male,102.59.96.68
279,Camile,Chess,cchess7q@cmu.edu,Female,2.182.20.64
280,Tommie,Dedney,tdedney7r@google.com.br,Agender,180.68.37.252
281,Cordell,Deshorts,cdeshorts7s@github.com,Male,40.126.178.211
282,Ibrahim,Sever,isever7t@si.edu,Male,78.135.152.173
283,Thacher,Gricewood,tgricewood7u@fotki.com,Male,188.112.217.173
284,Donelle,Barney,dbarney7v@japanpost.jp,Female,30.1.218.169
285,Deeanne,Gayter,dgayter7w@hatena.ne.jp,Female,82.206.233.39
286,Emalia,Gravells,egravells7x@ow.ly,Female,52.15.205.233
287,Bentley,Laven,blaven7y@cdc.gov,Male,189.137.215.170
288,Berenice,Bucham,bbucham7z@admin.ch,Female,89.63.191.254
289,Gary,Meak,gmeak80@wordpress.com,Male,218.252.87.194
290,Con,Itzcovich,citzcovich81@goo.ne.jp,Female,143.85.7.7
291,Shannon,McGinney,smcginney82@harvard.edu,Male,149.201.13.19
292,Danica,Burgane,dburgane83@mediafire.com,Female,27.58.149.125
293,Salomi,De Benedetti,sdebenedetti84@topsy.com,Female,76.147.62.113
294,Alberta,Gonnelly,agonnelly85@gov.uk,Female,46.95.150.238
295,Ralf,Duding,rduding86@salon.com,Male,112.80.105.76
296,Wylie,Androsik,wandrosik87@alibaba.com,Male,222.210.194.24
297,Alaster,Longmead,alongmead88@youtu.be,Male,132.80.86.93
298,Neils,O'Shaughnessy,noshaughnessy89@de.vu,Male,71.100.178.131
299,Dorree,Mish,dmish8a@vimeo.com,Female,217.115.191.250
300,Patrizius,Nacey,pnacey8b@buzzfeed.com,Non-binary,145.89.222.11
301,Paulette,Chalcroft,pchalcroft8c@rediff.com,Female,169.95.194.56
302,Orazio,Margetts,omargetts8d@spotify.com,Male,7.16.197.86
303,Nert,Rennenbach,nrennenbach8e@naver.com,Female,15.172.65.201
304,Papageno,Hugin,phugin8f@prweb.com,Male,82.177.27.17
305,Andras,Corden,acorden8g@google.pl,Male,241.127.244.153
306,Glen,Kimpton,gkimpton8h@behance.net,Female,199.101.120.144
307,Wilbur,Rayer,wrayer8i@si.edu,Male,164.3.111.161
308,Eula,Mingauld,emingauld8j@netscape.com,Female,186.16.109.42
309,Philippine,Basnett,pbasnett8k@chronoengine.com,Female,52.115.174.188
310,Dun,Lauks,dlauks8l@hubpages.com,Male,140.124.169.215
311,Sylas,Itzhayek,sitzhayek8m@oakley.com,Male,113.17.163.30
312,Hunter,Dronsfield,hdronsfield8n@flavors.me,Male,56.195.233.251
313,Joyan,Gernier,jgernier8o@wordpress.com,Female,44.53.240.48
314,Bobbe,Klus,bklus8p@xinhuanet.com,Female,120.101.176.221
315,Una,Whitley,uwhitley8q@tuttocitta.it,Female,49.239.77.128
316,Robert,Hoyle,rhoyle8r@barnesandnoble.com,Male,66.74.12.24
317,Jeffy,Dukes,jdukes8s@diigo.com,Male,111.178.127.16
318,Geoffrey,Speechley,gspeechley8t@amazon.de,Male,56.95.210.185
319,Cross,Thaine,cthaine8u@yellowbook.com,Male,221.255.63.219
320,Staford,Guthrie,sguthrie8v@a8.net,Male,143.0.209.71
321,Charley,Zettler,czettler8w@spotify.com,Male,195.45.3.184
322,Gav,Bench,gbench8x@bloglovin.com,Male,211.85.4.200
323,Kandace,Kohen,kkohen8y@kickstarter.com,Female,196.68.232.227
324,Missie,Beamond,mbeamond8z@alibaba.com,Female,122.117.6.83
325,Farrand,Mintoft,fmintoft90@google.com.au,Female,97.93.171.67
326,Kikelia,Abrahami,kabrahami91@google.com.hk,Female,111.234.147.21
327,Roda,Arndell,rarndell92@paypal.com,Female,156.170.139.52
328,Cam,Winship,cwinship93@reference.com,Male,63.86.85.229
329,Buffy,Rosenblum,brosenblum94@ft.com,Female,183.157.62.174
330,Matt,Belmont,mbelmont95@npr.org,Male,112.79.132.6
331,Alwyn,Gallen,agallen96@vimeo.com,Male,33.158.131.141
332,Kiele,Scarlet,kscarlet97@godaddy.com,Female,68.103.138.105
333,Aline,Chestnutt,achestnutt98@netvibes.com,Genderqueer,26.248.182.16
334,Egbert,Lennox,elennox99@springer.com,Male,191.113.68.123
335,Howard,Edmondson,hedmondson9a@umich.edu,Male,150.201.101.142
336,Prent,Glencros,pglencros9b@fotki.com,Male,181.159.194.80
337,Barrie,Tallent,btallent9c@feedburner.com,Female,194.119.4.124
338,Vonni,Devon,vdevon9d@comsenz.com,Female,198.182.15.224
339,Janot,Meriott,jmeriott9e@cisco.com,Female,126.48.149.217
340,Eleanor,Thaine,ethaine9f@constantcontact.com,Female,193.204.38.67
341,Ingar,Asquez,iasquez9g@hc360.com,Male,23.39.206.148
342,Gerick,Wasbrough,gwasbrough9h@huffingtonpost.com,Male,107.251.169.148
343,Marsiella,Matous,mmatous9i@dedecms.com,Female,118.218.253.184
344,Vivianne,Gooderick,vgooderick9j@i2i.jp,Female,61.149.251.132
345,Alyce,Mussolini,amussolini9k@diigo.com,Female,114.6.205.241
346,Adelheid,Bumfrey,abumfrey9l@aboutads.info,Female,5.234.77.11
347,Minta,Kupke,mkupke9m@wikipedia.org,Bigender,224.210.142.39
348,Anett,Enright,aenright9n@cocolog-nifty.com,Female,230.201.78.162
349,Kennie,Smallsman,ksmallsman9o@aboutads.info,Male,67.69.172.86
350,Zola,Roux,zroux9p@weibo.com,Female,187.113.139.208
351,Belvia,Gillfillan,bgillfillan9q@washingtonpost.com,Female,47.35.195.206
352,Leonerd,Lavell,llavell9r@dyndns.org,Male,221.143.164.252
353,Karlens,Cunney,kcunney9s@cbslocal.com,Male,88.29.117.176
354,Ethelyn,Drinkel,edrinkel9t@unblog.fr,Polygender,167.36.217.252
355,Devon,Norridge,dnorridge9u@tiny.cc,Female,91.197.49.207
356,Sawyere,Pryde,spryde9v@auda.org.au,Male,159.228.100.147
357,Emily,Carlesi,ecarlesi9w@scribd.com,Female,101.33.67.88
358,Tad,Treherne,ttreherne9x@cbsnews.com,Male,207.226.65.83
359,Yard,Deroche,yderoche9y@nifty.com,Male,3.235.37.46
360,Clyde,Tschersich,ctschersich9z@bravesites.com,Genderqueer,185.78.233.111
361,Lorenzo,Kyneton,lkynetona0@nationalgeographic.com,Male,84.233.37.34
362,Felic,McIlhatton,fmcilhattona1@cbslocal.com,Male,180.58.196.30
363,Tracey,Darrington,tdarringtona2@gravatar.com,Female,240.56.249.244
364,Jordon,Kersaw,jkersawa3@cbc.ca,Male,229.252.146.237
365,Tressa,Gregorin,tgregorina4@mayoclinic.com,Female,230.38.225.194
366,Abe,Bolley,abolleya5@wunderground.com,Male,56.178.136.86
367,Padraic,Thorneywork,pthorneyworka6@aboutads.info,Male,199.140.73.85
368,Denice,Fryett,dfryetta7@dagondesign.com,Female,165.227.172.75
369,Bentley,Aitchinson,baitchinsona8@cbc.ca,Male,51.63.237.204
370,Franky,Atling,fatlinga9@homestead.com,Male,235.110.230.249
371,Freemon,Gratrex,fgratrexaa@xinhuanet.com,Male,113.69.206.149
372,Corabella,Aked,cakedab@house.gov,Female,250.183.20.233
373,Gerhardine,Bartoli,gbartoliac@skype.com,Female,188.25.27.1
374,Cross,Gadaud,cgadaudad@stumbleupon.com,Male,58.116.36.49
375,Jaquelin,Lutton,jluttonae@ning.com,Female,179.216.30.108
376,Royal,Tewkesberrie,rtewkesberrieaf@who.int,Male,224.151.41.55
377,Athena,Caldicott,acaldicottag@pagesperso-orange.fr,Genderfluid,143.80.71.209
378,Crystie,Spedroni,cspedroniah@bbb.org,Female,42.108.207.87
379,Price,Caveney,pcaveneyai@123-reg.co.uk,Male,146.130.203.192
380,Linet,Gallop,lgallopaj@disqus.com,Female,189.24.134.91
381,Laurie,Lemme,llemmeak@technorati.com,Agender,41.134.195.77
382,Ashlin,Loyd,aloydal@storify.com,Male,23.112.186.120
383,Rawley,Pepi,rpepiam@virginia.edu,Male,236.25.96.42
384,Gracie,Cadle,gcadlean@aol.com,Female,93.61.151.100
385,Christoffer,Luberti,clubertiao@exblog.jp,Male,5.60.54.194
386,Doralynne,Geddes,dgeddesap@altervista.org,Female,96.23.217.5
387,Nikkie,Kubach,nkubachaq@wisc.edu,Female,3.58.69.225
388,Hillyer,Kasperski,hkasperskiar@bravesites.com,Male,156.194.139.252
389,Ethelind,Becom,ebecomas@wiley.com,Female,247.60.231.83
390,Ailina,Wardrop,awardropat@g.co,Female,89.172.38.5
391,Roland,Pendrey,rpendreyau@upenn.edu,Male,160.39.158.192
392,Suellen,England,senglandav@state.gov,Female,86.192.214.94
393,Delmore,Burr,dburraw@vimeo.com,Polygender,100.239.5.170
394,Brendis,Chadbourne,bchadbourneax@google.com.au,Male,61.188.51.207
395,Corrie,Bolderson,cboldersonay@theguardian.com,Female,171.59.34.243
396,Yvor,Gilbody,ygilbodyaz@joomla.org,Male,78.187.95.5
397,Bertrand,Duckels,bduckelsb0@archive.org,Male,121.152.17.196
398,Jaimie,Yakubowicz,jyakubowiczb1@symantec.com,Male,164.57.145.107
399,Linda,Crumpton,lcrumptonb2@icq.com,Female,57.58.189.185
400,Chandler,Antusch,cantuschb3@blogger.com,Male,106.151.144.222
401,Renado,Gouth,rgouthb4@constantcontact.com,Male,230.83.105.173
402,Eimile,Gedney,egedneyb5@cdbaby.com,Female,28.147.26.197
403,Eustacia,Harnetty,eharnettyb6@gravatar.com,Female,122.133.223.67
404,Pinchas,Alibone,paliboneb7@google.com,Male,248.34.180.207
405,Kyla,Uglow,kuglowb8@fc2.com,Female,243.52.85.153
406,Anitra,Sircomb,asircombb9@google.pl,Female,189.110.66.124
407,Arney,Kaveney,akaveneyba@oracle.com,Male,23.173.131.82
408,Marian,Giacopini,mgiacopinibb@mtv.com,Female,168.111.99.102
409,Torrie,Beefon,tbeefonbc@goodreads.com,Female,34.20.70.178
410,Hale,Hands,hhandsbd@digg.com,Male,158.153.127.215
411,Odelia,Hawler,ohawlerbe@hp.com,Female,3.133.203.16
412,Corette,Goldby,cgoldbybf@yandex.ru,Female,244.84.45.209
413,Marlane,Danett,mdanettbg@cisco.com,Genderqueer,65.66.96.184
414,Hyacinthie,Onions,honionsbh@va.gov,Female,47.54.131.196
415,Celle,Hanshawe,chanshawebi@barnesandnoble.com,Agender,172.180.13.248
416,Emma,Pedron,epedronbj@dailymail.co.uk,Female,35.175.241.249
417,Hermy,Rogez,hrogezbk@wsj.com,Agender,152.84.29.124
418,Carolyn,Bulleyn,cbulleynbl@odnoklassniki.ru,Female,61.59.54.168
419,Mora,Pibsworth,mpibsworthbm@spiegel.de,Female,209.67.7.50
420,Raffarty,Ixer,rixerbn@altervista.org,Male,158.172.7.41
421,Aurea,Cockcroft,acockcroftbo@unc.edu,Female,97.53.9.244
422,Langsdon,Mateus,lmateusbp@state.gov,Male,249.132.148.84
423,Rodi,Decroix,rdecroixbq@omniture.com,Female,87.10.124.44
424,Rivkah,Ritmeyer,rritmeyerbr@reuters.com,Female,192.239.99.46
425,Kincaid,Kennler,kkennlerbs@mail.ru,Male,180.223.213.66
426,Melony,Witherop,mwitheropbt@51.la,Female,16.189.157.105
427,Katharine,Broxholme,kbroxholmebu@blogs.com,Female,83.102.59.214
428,Monroe,Flett,mflettbv@diigo.com,Male,131.45.215.248
429,Clarie,McLachlan,cmclachlanbw@uiuc.edu,Female,157.7.238.106
430,Tynan,Alker,talkerbx@ted.com,Male,165.134.41.135
431,Pippo,Waddingham,pwaddinghamby@netscape.com,Male,113.180.128.4
432,Bessie,Dulwich,bdulwichbz@wikipedia.org,Female,101.148.44.202
433,Joceline,Pygott,jpygottc0@fc2.com,Female,166.144.66.19
434,Amandie,Taillard,ataillardc1@sciencedaily.com,Female,32.135.119.249
435,Germain,Abrashkov,gabrashkovc2@stumbleupon.com,Male,147.165.62.210
436,Em,Ambler,eamblerc3@yelp.com,Female,239.5.244.203
437,Isaac,des Remedios,idesremediosc4@domainmarket.com,Male,185.173.180.14
438,Gibb,Camilleri,gcamilleric5@blog.com,Male,250.211.84.21
439,Marlow,Loder,mloderc6@behance.net,Male,238.26.141.189
440,Vincents,Mordon,vmordonc7@biblegateway.com,Male,151.229.93.139
441,Ricky,Erswell,rerswellc8@bloglines.com,Female,33.239.225.178
442,Pall,Morrill,pmorrillc9@google.de,Male,61.4.38.13
443,Reuven,Woolway,rwoolwayca@reuters.com,Male,177.1.179.76
444,Cristine,Tootell,ctootellcb@slashdot.org,Female,50.129.180.82
445,Ree,Gladtbach,rgladtbachcc@trellian.com,Female,211.106.58.71
446,Ermin,Bunner,ebunnercd@sogou.com,Male,144.101.204.13
447,Nicky,Wolffers,nwolffersce@hao123.com,Male,235.73.196.68
448,Kimmy,Penhalewick,kpenhalewickcf@newyorker.com,Female,1.99.38.1
449,Shannon,Lampart,slampartcg@google.com.hk,Male,239.114.142.36
450,Harmonie,Croser,hcroserch@lycos.com,Female,151.72.219.120
451,Tabbi,Pickett,tpickettci@scribd.com,Non-binary,115.92.30.58
452,Rozella,Mullane,rmullanecj@go.com,Female,152.196.149.209
453,Wilie,Grunson,wgrunsonck@blogtalkradio.com,Female,110.190.185.156
454,Rivalee,Meininger,rmeiningercl@weibo.com,Female,200.206.140.13
455,Cordula,Cossum,ccossumcm@fema.gov,Female,22.74.4.89
456,Nadya,Mengo,nmengocn@oaic.gov.au,Female,32.93.247.40
457,Genia,Jack,gjackco@hc360.com,Female,164.115.192.206
458,Keane,Brackpool,kbrackpoolcp@simplemachines.org,Male,117.54.242.109
459,Winslow,Palfreyman,wpalfreymancq@google.it,Male,33.156.113.52
460,Brenden,Gooley,bgooleycr@networksolutions.com,Male,184.136.76.164
461,Barbette,Shirtcliffe,bshirtcliffecs@altervista.org,Female,17.106.39.11
462,Nichole,Canby,ncanbyct@zimbio.com,Male,219.113.87.255
463,Mallory,O'Lagen,molagencu@prlog.org,Male,161.44.80.217
464,Olivero,Ternault,oternaultcv@tumblr.com,Male,70.87.250.37
465,Honoria,MacGillespie,hmacgillespiecw@gov.uk,Female,37.57.106.49
466,Hi,Jollye,hjollyecx@squarespace.com,Male,29.103.204.15
467,Jerrilee,Sainte Paul,jsaintepaulcy@sciencedaily.com,Female,155.142.130.79
468,Karisa,Haversham,khavershamcz@clickbank.net,Genderfluid,47.245.36.49
469,Wakefield,Gumley,wgumleyd0@weebly.com,Male,251.219.186.144
470,Cale,Lavington,clavingtond1@mit.edu,Male,86.39.251.47
471,Colline,Ivanyutin,civanyutind2@huffingtonpost.com,Genderqueer,92.207.102.197
472,Vanni,Rozzell,vrozzelld3@tripadvisor.com,Female,252.191.182.227
473,Harman,Adin,hadind4@godaddy.com,Male,137.69.82.209
474,Ericka,Askin,easkind5@indiegogo.com,Female,82.191.129.200
475,Emerson,Binfield,ebinfieldd6@skyrock.com,Male,200.111.159.161
476,Demeter,De Vile,ddeviled7@tinyurl.com,Female,220.131.152.107
477,Evie,Westwood,ewestwoodd8@joomla.org,Female,20.187.82.134
478,Joelle,Cumes,jcumesd9@sakura.ne.jp,Female,196.95.201.192
479,Raoul,Hinstock,rhinstockda@hud.gov,Male,102.106.232.236
480,Wayland,Scamel,wscameldb@oakley.com,Male,80.129.174.246
481,Ana,Blaszczyk,ablaszczykdc@wp.com,Bigender,42.108.115.170
482,Tracey,Leeman,tleemandd@rediff.com,Female,231.28.22.34
483,Jany,Fant,jfantde@google.cn,Female,123.208.81.145
484,Zack,Rouse,zrousedf@cnet.com,Male,160.103.108.92
485,Wallace,Budden,wbuddendg@pagesperso-orange.fr,Male,70.183.243.211
486,Bryan,Cheers,bcheersdh@aboutads.info,Male,4.33.250.29
487,Haydon,Catlow,hcatlowdi@hatena.ne.jp,Male,244.199.128.102
488,Nick,Portail,nportaildj@lycos.com,Male,189.124.55.79
489,Carlita,Skures,cskuresdk@latimes.com,Female,103.248.61.13
490,Gram,Bonfield,gbonfielddl@deviantart.com,Male,249.2.179.57
491,Cati,Lancaster,clancasterdm@utexas.edu,Female,214.232.207.77
492,Minor,Comino,mcominodn@oracle.com,Male,88.34.100.42
493,Niall,Hemphill,nhemphilldo@freewebs.com,Male,59.175.23.228
494,Tony,Archanbault,tarchanbaultdp@nymag.com,Male,12.171.116.21
495,Orton,Abrahamovitz,oabrahamovitzdq@de.vu,Male,231.244.159.140
496,Matthaeus,Flaherty,mflahertydr@surveymonkey.com,Male,249.245.110.25
497,Dee dee,Ekins,dekinsds@xrea.com,Female,96.27.250.79
498,Haydon,Dent,hdentdt@soup.io,Male,191.215.166.53
499,Hamish,Klais,hklaisdu@disqus.com,Male,38.105.75.222
500,Aylmer,Gierhard,agierharddv@bandcamp.com,Male,118.182.227.40
501,Merry,Sutterfield,msutterfielddw@hao123.com,Male,217.71.245.249
502,Arlene,Gueste,aguestedx@merriam-webster.com,Female,63.110.138.111
503,Diahann,Oherlihy,doherlihydy@sciencedirect.com,Female,116.103.139.199
504,Pip,Gunderson,pgundersondz@ed.gov,Genderqueer,60.231.4.221
505,Reagan,Plampeyn,rplampeyne0@webeden.co.uk,Male,89.114.218.21
506,Eleanora,Decreuze,edecreuzee1@epa.gov,Agender,125.57.240.47
507,Cicily,Teague,cteaguee2@amazon.de,Genderfluid,41.69.186.124
508,Perry,Maryman,pmarymane3@archive.org,Male,119.130.176.46
509,Rees,Vesco,rvescoe4@flickr.com,Male,156.7.221.124
510,Tait,O'Nion,tonione5@hp.com,Male,98.79.2.11
511,Johnnie,Courteney,jcourteneye6@weather.com,Male,221.71.145.218
512,Moritz,Sanbrook,msanbrooke7@smugmug.com,Male,190.126.54.71
513,Wes,Pittham,wpitthame8@sina.com.cn,Male,144.178.54.92
514,Meagan,Miche,mmichee9@alibaba.com,Female,239.121.103.111
515,Marvin,Larkins,mlarkinsea@slate.com,Male,196.226.137.184
516,Obed,McCrae,omccraeeb@oakley.com,Male,212.47.66.123
517,Em,Pettyfar,epettyfarec@cmu.edu,Male,88.28.19.89
518,Neel,Gilkes,ngilkesed@clickbank.net,Male,171.229.29.236
519,Jamie,Fauning,jfauningee@washington.edu,Female,211.250.72.112
520,Rodolph,Gladdis,rgladdisef@t.co,Male,22.238.164.161
521,Alisa,Van der Velde,avanderveldeeg@phoca.cz,Female,220.41.161.172
522,Baxter,Hawker,bhawkereh@digg.com,Male,169.141.206.96
523,Thaddeus,cornhill,tcornhillei@disqus.com,Male,131.38.154.8
524,Kelsey,Duggon,kduggonej@about.com,Male,222.111.150.126
525,Keeley,Snoddy,ksnoddyek@sogou.com,Female,110.251.19.68
526,Malva,Camplen,mcamplenel@altervista.org,Female,59.109.32.49
527,Johnnie,Pirrey,jpirreyem@amazon.co.uk,Male,60.228.134.223
528,Tobye,Rusted,trusteden@smh.com.au,Female,104.44.88.193
529,Lolly,Wrathmall,lwrathmalleo@wordpress.com,Female,49.16.193.195
530,Kalle,Southard,ksouthardep@imdb.com,Male,216.10.105.40
531,Tomasine,Vaughton,tvaughtoneq@noaa.gov,Female,78.254.27.230
532,Grantley,Ashard,gasharder@blogtalkradio.com,Male,179.92.153.65
533,Winn,Gutans,wgutanses@ftc.gov,Male,69.122.166.139
534,Greer,Orae,goraeet@com.com,Female,174.207.22.193
535,Catlin,Edscer,cedscereu@princeton.edu,Female,102.189.103.130
536,Holly-anne,D'Orsay,hdorsayev@shutterfly.com,Female,136.171.1.76
537,Florinda,Reppaport,freppaportew@icio.us,Female,222.207.193.68
538,Kellia,Houlden,khouldenex@abc.net.au,Female,174.253.81.109
539,Artemus,Canero,acaneroey@clickbank.net,Male,161.92.77.37
540,Justus,Blunn,jblunnez@dropbox.com,Male,132.142.220.147
541,Dina,Brawn,dbrawnf0@narod.ru,Female,228.150.122.138
542,Moreen,Whall,mwhallf1@twitpic.com,Female,64.160.38.69
543,Cece,Bodicam,cbodicamf2@bloglovin.com,Male,87.252.165.171
544,Sumner,Fendlow,sfendlowf3@usatoday.com,Male,140.219.255.225
545,Leif,Cansdall,lcansdallf4@toplist.cz,Bigender,14.177.157.33
546,Clayton,Prugel,cprugelf5@mit.edu,Male,78.47.124.212
547,Talyah,MacIlory,tmaciloryf6@google.cn,Female,131.203.185.201
548,Carney,Baudry,cbaudryf7@mit.edu,Male,75.67.35.103
549,Portia,Gebuhr,pgebuhrf8@devhub.com,Female,185.242.70.16
550,Angelico,Bewick,abewickf9@topsy.com,Male,54.146.132.38
551,Cross,Dytham,cdythamfa@histats.com,Male,232.164.28.63
552,Reamonn,Carslake,rcarslakefb@gmpg.org,Male,31.254.9.18
553,Penelopa,Stoad,pstoadfc@ebay.co.uk,Female,30.109.184.213
554,Jdavie,Simoncelli,jsimoncellifd@examiner.com,Male,141.43.119.18
555,Esme,Deniscke,edenisckefe@macromedia.com,Female,72.32.253.138
556,Randall,L'Amie,rlamieff@elegantthemes.com,Male,180.76.200.44
557,Crysta,Shallcroff,cshallcrofffg@cbc.ca,Female,92.108.159.12
558,Josh,Von Gladbach,jvongladbachfh@auda.org.au,Male,103.89.19.101
559,Randy,Cone,rconefi@wunderground.com,Male,115.197.176.201
560,Helen-elizabeth,Rumens,hrumensfj@unesco.org,Female,228.76.247.140
561,Starlene,Jozefiak,sjozefiakfk@posterous.com,Female,237.15.35.190
562,Dorree,Pearcy,dpearcyfl@who.int,Female,233.176.11.62
563,Elinore,Kielt,ekieltfm@jugem.jp,Female,88.87.89.188
564,Abby,Haughin,ahaughinfn@umn.edu,Female,20.139.90.247
565,Syman,Hapke,shapkefo@angelfire.com,Male,135.133.143.10
566,Dreddy,O'Fihillie,dofihilliefp@samsung.com,Female,21.142.147.142
567,Alistair,Hurt,ahurtfq@unblog.fr,Male,192.124.111.5
568,Juieta,Garlinge,jgarlingefr@stanford.edu,Female,84.201.159.96
569,Blondy,Jellett,bjellettfs@tamu.edu,Female,54.28.13.225
570,Bessy,Chritchlow,bchritchlowft@nifty.com,Female,142.233.119.43
571,Hollie,Tighe,htighefu@microsoft.com,Female,151.190.122.93
572,Jeramie,Mazin,jmazinfv@kickstarter.com,Male,49.139.114.85
573,Melania,Chater,mchaterfw@merriam-webster.com,Female,24.102.6.202
574,Alyssa,Albertson,aalbertsonfx@patch.com,Female,92.59.58.48
575,Manny,Mertgen,mmertgenfy@nba.com,Male,197.40.133.229
576,Carita,Giggie,cgiggiefz@webmd.com,Female,253.56.140.150
577,Celestyna,Swafford,cswaffordg0@1und1.de,Female,225.101.203.61
578,Wilbert,Mallinar,wmallinarg1@imdb.com,Male,209.159.177.210
579,Vickie,Philpot,vphilpotg2@sciencedirect.com,Female,43.5.238.0
580,Chrotoem,Sey,cseyg3@illinois.edu,Agender,8.126.55.112
581,Bob,Wernher,bwernherg4@shinystat.com,Male,170.92.29.46
582,Brittani,Hehir,bhehirg5@mayoclinic.com,Female,102.68.224.224
583,Grete,Blayd,gblaydg6@ezinearticles.com,Female,70.20.236.87
584,Roman,Tevelov,rtevelovg7@blogspot.com,Male,221.103.177.48
585,Vanny,Mackilpatrick,vmackilpatrickg8@prlog.org,Female,201.219.107.140
586,Jeffrey,Gasker,jgaskerg9@wikispaces.com,Male,184.190.246.0
587,Lilas,Matovic,lmatovicga@yahoo.co.jp,Female,75.187.67.104
588,Oona,Boyland,oboylandgb@discovery.com,Female,229.184.171.60
589,Bogey,Terzi,bterzigc@google.co.uk,Male,35.133.79.73
590,Connor,Swepson,cswepsongd@usa.gov,Male,128.69.10.31
591,Janette,Llewelly,jllewellyge@sakura.ne.jp,Female,13.80.88.234
592,Nadya,Huygen,nhuygengf@nyu.edu,Female,254.115.193.128
593,Pablo,Llewellin,pllewellingg@i2i.jp,Genderfluid,197.210.234.9
594,Carley,Surr,csurrgh@geocities.jp,Female,126.190.122.153
595,Pall,Ibbitt,pibbittgi@epa.gov,Male,202.216.36.253
596,Tana,Tethacot,ttethacotgj@umich.edu,Female,44.155.248.232
597,Maud,Ainslie,mainsliegk@ca.gov,Female,193.36.27.158
598,Wynn,Harwin,wharwingl@tuttocitta.it,Female,192.94.62.129
599,Kingsley,Laydel,klaydelgm@java.com,Male,216.247.110.64
600,Leicester,Camel,lcamelgn@cbsnews.com,Male,56.240.26.72
601,Raimundo,Millican,rmillicango@yahoo.com,Male,228.214.82.103
602,Jerry,Squire,jsquiregp@ning.com,Female,136.133.230.33
603,Heddie,Cunnow,hcunnowgq@mac.com,Female,142.63.96.179
604,Jeana,Tzarkov,jtzarkovgr@umn.edu,Female,253.161.150.55
605,Jedd,Esland,jeslandgs@phpbb.com,Male,161.119.252.224
606,Leonie,Brierley,lbrierleygt@nationalgeographic.com,Female,109.38.8.177
607,Wright,Ness,wnessgu@squidoo.com,Male,213.204.171.231
608,Lynnett,Gethouse,lgethousegv@printfriendly.com,Female,78.79.91.17
609,Sandie,Thackeray,sthackeraygw@dailymotion.com,Female,176.185.85.165
610,Carmencita,Thompson,cthompsongx@1und1.de,Female,126.137.134.175
611,Ham,Rothchild,hrothchildgy@un.org,Male,229.47.169.92
612,Rudy,Fensome,rfensomegz@newsvine.com,Male,239.9.74.23
613,Mario,Wardhough,mwardhoughh0@whitehouse.gov,Male,59.234.221.189
614,Lindsay,Perroni,lperronih1@imgur.com,Male,126.175.10.191
615,Marjory,Garrioch,mgarriochh2@aboutads.info,Female,40.43.172.34
616,Danny,Eggle,deggleh3@businesswire.com,Agender,29.255.104.246
617,Oberon,Imos,oimosh4@blinklist.com,Male,40.86.95.70
618,Dreddy,Cawston,dcawstonh5@github.com,Female,33.9.159.252
619,Ursa,Lumley,ulumleyh6@statcounter.com,Female,48.178.137.224
620,Gwenette,Cardenoso,gcardenosoh7@imageshack.us,Female,235.53.50.113
621,Hilda,Benoey,hbenoeyh8@mtv.com,Female,10.189.179.54
622,Bibbie,Aikin,baikinh9@typepad.com,Female,241.2.247.204
623,Armando,Christiensen,achristiensenha@nationalgeographic.com,Male,142.233.130.43
624,Merwin,Seamer,mseamerhb@mozilla.com,Male,99.4.105.34
625,Conway,Zanazzi,czanazzihc@miitbeian.gov.cn,Male,147.171.53.101
626,Bill,Petican,bpeticanhd@about.com,Male,1.144.62.39
627,Marlo,Cuolahan,mcuolahanhe@weather.com,Male,38.167.218.103
628,Jarid,Finnes,jfinneshf@scientificamerican.com,Male,136.199.213.134
629,Geri,O'Corhane,gocorhanehg@netlog.com,Male,91.78.110.74
630,Emmeline,Pheasey,epheaseyhh@army.mil,Female,88.85.243.246
631,Margaretta,McComiskey,mmccomiskeyhi@businesswire.com,Female,66.239.206.176
632,Gene,Ireson,giresonhj@studiopress.com,Agender,181.33.60.112
633,Gae,Tenney,gtenneyhk@devhub.com,Female,223.228.125.117
634,Harlen,Wais,hwaishl@dropbox.com,Male,5.202.18.254
635,Eldredge,Millions,emillionshm@diigo.com,Male,31.25.140.69
636,Lemuel,Worthing,lworthinghn@biblegateway.com,Male,255.33.49.180
637,Mirella,Meece,mmeeceho@vk.com,Female,141.225.81.191
638,Johny,Taylder,jtaylderhp@slideshare.net,Male,200.45.230.167
639,Des,Antwis,dantwishq@webs.com,Male,237.94.252.210
640,Denys,Diaper,ddiaperhr@toplist.cz,Male,217.152.16.164
641,Erinna,Symper,esymperhs@bluehost.com,Female,71.27.7.90
642,Reese,Whelan,rwhelanht@geocities.jp,Male,216.230.13.64
643,Georgeanna,Arnal,garnalhu@purevolume.com,Female,189.161.27.239
644,Lexy,Giggs,lgiggshv@stumbleupon.com,Female,51.225.167.200
645,Ceciley,Grayling,cgraylinghw@1und1.de,Genderfluid,123.83.127.59
646,Maje,Garric,mgarrichx@usgs.gov,Male,136.38.1.94
647,Carry,Bridgman,cbridgmanhy@nifty.com,Female,122.150.155.212
648,Carly,Kohlerman,ckohlermanhz@merriam-webster.com,Male,211.111.124.211
649,Kipp,Heinicke,kheinickei0@etsy.com,Genderfluid,12.167.201.12
650,Theo,Bart,tbarti1@wikispaces.com,Male,152.55.255.24
651,Englebert,Navarijo,enavarijoi2@mayoclinic.com,Male,118.50.219.133
652,Dixie,Padfield,dpadfieldi3@java.com,Female,94.56.171.161
653,Miltie,Goodson,mgoodsoni4@bing.com,Male,37.31.242.218
654,Reese,Cowe,rcowei5@pinterest.com,Male,215.47.60.200
655,Johna,Baildon,jbaildoni6@over-blog.com,Female,50.160.46.25
656,Raquela,Christofle,rchristoflei7@wired.com,Female,141.194.33.163
657,Win,Moakler,wmoakleri8@nationalgeographic.com,Male,97.155.25.226
658,Mignonne,Nannini,mnanninii9@ebay.com,Female,112.28.143.55
659,Randy,Breyt,rbreytia@issuu.com,Male,20.34.92.236
660,Giacobo,Pacitti,gpacittiib@ed.gov,Male,104.224.69.52
661,Danita,Cashley,dcashleyic@lycos.com,Female,82.194.127.138
662,Barn,Masding,bmasdingid@wsj.com,Male,174.243.154.115
663,Rowney,Tripon,rtriponie@addthis.com,Male,198.191.21.247
664,Bobine,Berkeley,bberkeleyif@businessweek.com,Female,186.149.234.192
665,Adelheid,Fallawe,afallaweig@blogger.com,Female,239.144.108.11
666,Drusie,Koles,dkolesih@wikipedia.org,Female,81.117.199.254
667,Herve,Deering,hdeeringii@etsy.com,Male,173.186.174.9
668,Linet,Gloyens,lgloyensij@foxnews.com,Female,181.72.147.151
669,Ailbert,Sellar,asellarik@patch.com,Male,3.126.62.228
670,Enrique,Eeles,eeelesil@paypal.com,Male,40.80.209.234
671,Pail,Hellsdon,phellsdonim@indiegogo.com,Male,21.118.97.155
672,Violette,Oswick,voswickin@amazonaws.com,Female,157.123.9.130
673,Wald,Renfrew,wrenfrewio@unc.edu,Male,188.219.202.220
674,Bryn,Palk,bpalkip@sina.com.cn,Male,175.62.176.83
675,Henriette,McGaw,hmcgawiq@sourceforge.net,Female,132.142.196.35
676,Hamilton,Lowndesbrough,hlowndesbroughir@samsung.com,Male,112.16.120.250
677,Philis,Lough,ploughis@furl.net,Female,205.66.124.39
678,Kristian,Gligoraci,kgligoraciit@go.com,Male,66.219.208.26
679,Rachelle,Rumbelow,rrumbelowiu@bbc.co.uk,Female,56.138.167.20
680,Richmound,Gateley,rgateleyiv@icq.com,Male,1.31.244.113
681,Giana,O'Ferris,goferrisiw@macromedia.com,Female,221.232.61.103
682,Dev,Hadwen,dhadwenix@gizmodo.com,Male,141.235.212.250
683,Justinn,Picard,jpicardiy@uiuc.edu,Female,58.130.119.45
684,Janka,Grace,jgraceiz@nps.gov,Female,162.196.168.185
685,Selia,Tretter,stretterj0@mtv.com,Non-binary,141.137.65.215
686,Micah,Primak,mprimakj1@cbsnews.com,Male,236.238.255.66
687,Victoir,Mutch,vmutchj2@wunderground.com,Male,192.98.220.44
688,Ingamar,Humphris,ihumphrisj3@purevolume.com,Male,132.196.54.127
689,Eziechiele,Probet,eprobetj4@mayoclinic.com,Male,154.79.164.123
690,Oneida,Kloser,okloserj5@a8.net,Female,56.61.249.67
691,Rena,Baythrop,rbaythropj6@marketwatch.com,Female,180.186.59.61
692,Jamal,Millson,jmillsonj7@youku.com,Male,94.62.208.68
693,Anallise,Burle,aburlej8@google.pl,Female,157.117.79.145
694,Wilmar,Gertray,wgertrayj9@joomla.org,Male,75.104.219.105
695,Lamar,Jugging,ljuggingja@behance.net,Male,230.232.179.130
696,Ford,Dovidian,fdovidianjb@oakley.com,Genderfluid,18.159.109.146
697,Jaynell,Prest,jprestjc@nbcnews.com,Female,119.96.31.46
698,Lucia,Denecamp,ldenecampjd@walmart.com,Female,23.12.34.248
699,Niel,Davidou,ndavidouje@patch.com,Male,136.167.214.61
700,Vlad,O'Halleghane,vohalleghanejf@utexas.edu,Polygender,86.151.2.253
701,Miranda,MacFarland,mmacfarlandjg@twitter.com,Female,56.138.194.69
702,Milton,Curr,mcurrjh@hc360.com,Male,143.92.47.130
703,Ida,McCosker,imccoskerji@ning.com,Female,228.111.10.206
704,Rowen,Broadfield,rbroadfieldjj@elegantthemes.com,Male,77.26.18.173
705,Catherine,Hellsdon,chellsdonjk@vkontakte.ru,Female,47.74.234.219
706,Hedwig,Tremberth,htremberthjl@tuttocitta.it,Non-binary,85.179.28.155
707,Ely,De Santos,edesantosjm@nationalgeographic.com,Male,139.196.161.80
708,Maisey,Coulter,mcoulterjn@over-blog.com,Female,1.40.186.204
709,Christie,Sickling,csicklingjo@wired.com,Male,198.94.177.46
710,Ber,Maffey,bmaffeyjp@cornell.edu,Male,119.187.204.225
711,Anthe,Caught,acaughtjq@berkeley.edu,Female,228.154.181.106
712,Gustie,Gonnin,ggonninjr@gravatar.com,Female,44.167.7.71
713,Dorri,Tessier,dtessierjs@timesonline.co.uk,Female,197.99.126.152
714,Kirbie,Aldren,kaldrenjt@va.gov,Female,211.95.59.48
715,Devy,Brodnecke,dbrodneckeju@unc.edu,Male,210.159.158.2
716,Livy,Bricket,lbricketjv@topsy.com,Female,34.163.98.25
717,Roosevelt,Jeannequin,rjeannequinjw@youku.com,Male,35.162.7.25
718,Thorsten,Mountford,tmountfordjx@360.cn,Male,109.156.24.38
719,Rhona,Figure,rfigurejy@ft.com,Female,110.54.59.234
720,Jasmin,Duguid,jduguidjz@wunderground.com,Bigender,249.112.123.173
721,Elvyn,Thorns,ethornsk0@nature.com,Male,152.2.175.183
722,Fernandina,O'Scully,foscullyk1@forbes.com,Female,51.101.141.185
723,Rae,Shelmerdine,rshelmerdinek2@sina.com.cn,Female,19.240.65.63
724,Ninette,Fischer,nfischerk3@google.fr,Female,4.47.127.59
725,Milton,Robertshaw,mrobertshawk4@businessinsider.com,Male,211.182.20.213
726,Euphemia,Wheway,ewhewayk5@skyrock.com,Polygender,70.180.125.111
727,Elka,Tukesby,etukesbyk6@chronoengine.com,Female,35.217.25.189
728,Atlante,Hegel,ahegelk7@bloomberg.com,Female,132.195.146.164
729,Gonzales,Oakley,goakleyk8@themeforest.net,Male,90.33.208.254
730,Sander,Tattersall,stattersallk9@macromedia.com,Male,108.8.171.147
731,Gavrielle,Ordidge,gordidgeka@google.ca,Female,118.123.50.13
732,Stesha,Colaco,scolacokb@yellowbook.com,Female,45.164.181.125
733,Aldwin,Bohje,abohjekc@netscape.com,Male,56.15.62.26
734,Debbi,Derrington,dderringtonkd@huffingtonpost.com,Female,245.51.5.197
735,Amil,Locket,alocketke@blogs.com,Female,95.63.176.201
736,Caria,Dimitrie,cdimitriekf@plala.or.jp,Female,82.54.25.191
737,Lilia,Ringrose,lringrosekg@github.io,Female,211.168.31.119
738,Erina,Vane,evanekh@godaddy.com,Female,151.110.251.114
739,Andrus,Brookson,abrooksonki@dedecms.com,Male,185.201.188.36
740,Arlinda,Albrooke,aalbrookekj@odnoklassniki.ru,Female,6.53.139.137
741,Melosa,Pirazzi,mpirazzikk@angelfire.com,Polygender,59.40.48.123
742,Maxi,Monkleigh,mmonkleighkl@networkadvertising.org,Female,31.190.93.91
743,Moselle,Scupham,mscuphamkm@wikipedia.org,Female,181.110.50.67
744,Norine,Gong,ngongkn@behance.net,Female,135.86.178.88
745,Perice,Alltimes,palltimesko@unicef.org,Male,189.60.144.14
746,Harp,Loftin,hloftinkp@bravesites.com,Male,185.153.190.93
747,Brittani,Bebbington,bbebbingtonkq@comsenz.com,Female,237.57.184.77
748,Seward,Carette,scarettekr@infoseek.co.jp,Male,101.86.51.0
749,Angeline,Wing,awingks@nih.gov,Bigender,159.43.48.8
750,Ellyn,Tebbs,etebbskt@about.com,Female,116.82.227.177
751,Petronille,Heino,pheinoku@bloglovin.com,Female,182.248.248.48
752,Janette,Isabell,jisabellkv@washingtonpost.com,Female,231.33.253.167
753,Celestine,Linnard,clinnardkw@seesaa.net,Female,172.84.189.100
754,Gabriella,Burgen,gburgenkx@bing.com,Female,137.103.226.56
755,Devlen,Castelijn,dcastelijnky@angelfire.com,Male,20.99.226.75
756,Noelyn,Dunsford,ndunsfordkz@hp.com,Female,156.137.170.218
757,Pierre,Gatsby,pgatsbyl0@shutterfly.com,Male,174.107.241.17
758,Nathalia,Mackstead,nmacksteadl1@google.com,Female,63.223.184.146
759,Trenton,McLeoid,tmcleoidl2@china.com.cn,Male,111.57.133.32
760,Sashenka,Groom,sgrooml3@quantcast.com,Female,140.105.49.200
761,Hobart,Eaglestone,heaglestonel4@wisc.edu,Male,39.183.125.63
762,Gregoor,Fairhead,gfairheadl5@marketwatch.com,Male,136.28.26.31
763,Siusan,Bonifas,sbonifasl6@unesco.org,Female,119.153.232.56
764,Berke,Monkton,bmonktonl7@surveymonkey.com,Male,126.219.16.78
765,Byram,Audritt,baudrittl8@amazonaws.com,Male,227.82.34.171
766,April,Voysey,avoyseyl9@ed.gov,Female,188.108.47.201
767,Sheba,Leamon,sleamonla@ask.com,Female,170.165.94.161
768,Norry,Howels,nhowelslb@wix.com,Polygender,49.184.255.166
769,Erin,Dundon,edundonlc@surveymonkey.com,Male,234.148.223.198
770,Quentin,Aisman,qaismanld@twitter.com,Female,28.9.214.143
771,Ignazio,Kinloch,ikinlochle@huffingtonpost.com,Male,83.32.241.228
772,Karole,Dungay,kdungaylf@addthis.com,Female,116.140.138.25
773,Hilary,Ishak,hishaklg@pinterest.com,Male,71.109.77.115
774,Sonya,Pinel,spinellh@dot.gov,Female,188.254.228.240
775,Asher,Ruckhard,aruckhardli@list-manage.com,Male,60.249.95.125
776,Aubrey,Botger,abotgerlj@walmart.com,Female,236.196.165.211
777,Gunther,O'Geneay,gogeneaylk@unesco.org,Male,220.204.54.45
778,Viviyan,Goathrop,vgoathropll@clickbank.net,Female,206.130.117.213
779,Aline,Abreheart,aabreheartlm@utexas.edu,Female,114.66.30.130
780,Karlen,York,kyorkln@ocn.ne.jp,Female,98.79.60.59
781,Andie,Lamport,alamportlo@toplist.cz,Male,83.44.1.165
782,Noel,Mollindinia,nmollindinialp@163.com,Female,160.215.47.230
783,Uriah,Lardier,ulardierlq@hao123.com,Male,36.213.34.140
784,Marsh,McRavey,mmcraveylr@list-manage.com,Male,221.216.226.162
785,Robinette,Londesborough,rlondesboroughls@wufoo.com,Genderfluid,136.63.185.22
786,Delmore,Sporle,dsporlelt@ucla.edu,Male,223.47.148.169
787,Modesta,Kulic,mkuliclu@i2i.jp,Female,17.118.51.194
788,Aubine,Hoyer,ahoyerlv@google.co.uk,Female,8.19.185.56
789,Teador,Simonassi,tsimonassilw@bandcamp.com,Male,128.174.8.185
790,Bentley,Harrema,bharremalx@nasa.gov,Male,168.196.22.1
791,Brenda,Scamp,bscamply@sina.com.cn,Female,171.157.214.174
792,Elset,Blackwood,eblackwoodlz@facebook.com,Female,172.244.118.137
793,Welby,Patzelt,wpatzeltm0@desdev.cn,Male,14.120.80.104
794,Doy,Cubbon,dcubbonm1@quantcast.com,Male,189.116.155.135
795,Marlo,Mathivet,mmathivetm2@ibm.com,Male,142.125.179.184
796,Gardener,Enbury,genburym3@comcast.net,Male,19.216.45.239
797,Janela,Starte,jstartem4@cornell.edu,Female,22.14.159.53
798,Isadore,Jackalin,ijackalinm5@goo.gl,Male,12.33.114.226
799,Eadith,Yuryev,eyuryevm6@posterous.com,Female,168.217.95.244
800,Burtie,Tetther,btettherm7@ebay.com,Male,102.116.183.169
801,Paddy,Bambrough,pbambroughm8@nps.gov,Male,248.67.73.171
802,Zahara,Hame,zhamem9@china.com.cn,Female,80.141.202.42
803,Brittani,Cyster,bcysterma@ning.com,Female,213.74.59.222
804,Ferrel,Jerrans,fjerransmb@wired.com,Male,24.155.110.170
805,Spike,Sturley,ssturleymc@w3.org,Male,15.104.76.239
806,Daniela,Hearsum,dhearsummd@4shared.com,Female,137.122.87.158
807,Billi,Khadir,bkhadirme@360.cn,Female,141.178.60.215
808,Stanley,Enriques,senriquesmf@naver.com,Male,85.69.21.20
809,Erasmus,Eastwood,eeastwoodmg@devhub.com,Male,133.172.208.154
810,Leonhard,Phython,lphythonmh@naver.com,Male,118.140.137.188
811,Guglielmo,Venes,gvenesmi@google.co.uk,Male,250.86.151.173
812,Sher,Peirone,speironemj@ask.com,Female,111.122.163.40
813,Nanci,Podd,npoddmk@reverbnation.com,Female,208.212.247.107
814,Tan,Boarder,tboarderml@go.com,Male,171.5.187.14
815,Dniren,Moret,dmoretmm@tinypic.com,Female,205.79.224.255
816,Ruby,Konertz,rkonertzmn@is.gd,Female,69.164.199.40
817,Cornie,Titley,ctitleymo@alibaba.com,Female,54.92.4.30
818,Merissa,Hentze,mhentzemp@amazon.de,Female,105.121.218.97
819,Cyrill,Kloser,cklosermq@techcrunch.com,Male,163.38.68.220
820,Boyce,Chaikovski,bchaikovskimr@bandcamp.com,Male,67.225.221.130
821,Ailee,Alcott,aalcottms@google.cn,Female,251.31.133.120
822,Laverna,Branwhite,lbranwhitemt@patch.com,Female,240.23.5.155
823,Melisandra,Hamstead,mhamsteadmu@nba.com,Female,211.154.135.126
824,Benedick,McGilroy,bmcgilroymv@wordpress.com,Male,20.15.241.63
825,Kayley,Upston,kupstonmw@uiuc.edu,Female,243.43.39.245
826,Isabel,State,istatemx@odnoklassniki.ru,Non-binary,10.25.236.245
827,Tucky,Beggs,tbeggsmy@google.pl,Genderfluid,143.167.161.57
828,Trip,Kerwen,tkerwenmz@is.gd,Male,199.207.35.28
829,Marilin,Jane,mjanen0@istockphoto.com,Female,66.237.36.20
830,Kimmie,Shoutt,kshouttn1@over-blog.com,Female,105.20.99.226
831,Latia,McGonigle,lmcgoniglen2@csmonitor.com,Bigender,74.210.185.244
832,Gerhardine,Hunnable,ghunnablen3@wix.com,Female,232.140.106.177
833,Astrix,Wilstead,awilsteadn4@ameblo.jp,Female,168.117.13.193
834,Melonie,Demongeot,mdemongeotn5@wordpress.com,Female,64.115.11.234
835,Jerrome,Krook,jkrookn6@cbslocal.com,Male,9.96.135.84
836,Kayle,Widger,kwidgern7@netvibes.com,Female,136.217.178.153
837,Reamonn,Sign,rsignn8@360.cn,Male,27.211.2.32
838,Chadd,Matheson,cmathesonn9@hc360.com,Male,27.38.184.45
839,Devlen,Gamett,dgamettna@uol.com.br,Male,22.1.240.203
840,Findlay,Errichelli,ferrichellinb@facebook.com,Male,58.39.233.97
841,Louella,Tripcony,ltripconync@youtube.com,Female,107.100.137.64
842,Hamnet,Gerhold,hgerholdnd@g.co,Male,181.240.116.61
843,Howard,Akred,hakredne@pen.io,Male,87.145.74.43
844,Park,Gulleford,pgullefordnf@si.edu,Male,197.207.250.107
845,Xerxes,Thoms,xthomsng@ustream.tv,Male,238.81.124.218
846,Susanne,Dominicacci,sdominicaccinh@google.de,Female,64.247.83.161
847,Eugenia,Plott,eplottni@soup.io,Female,243.58.120.6
848,Ardene,Poytress,apoytressnj@histats.com,Female,238.110.192.213
849,Teodoro,Westrope,twestropenk@apple.com,Non-binary,103.230.249.193
850,Deane,Wallen,dwallennl@bigcartel.com,Polygender,136.35.151.234
851,Murdoch,Mitchiner,mmitchinernm@adobe.com,Male,44.54.255.251
852,Debbie,Kollasch,dkollaschnn@reference.com,Female,228.50.248.209
853,Violante,Cassidy,vcassidyno@vk.com,Female,153.45.173.253
854,Edsel,Valencia,evalencianp@google.ca,Male,70.0.96.243
855,Othello,Billes,obillesnq@yale.edu,Male,96.185.135.10
856,Moyra,Hearley,mhearleynr@foxnews.com,Genderfluid,223.122.198.46
857,Dene,Paniman,dpanimanns@bizjournals.com,Male,25.105.168.67
858,Alidia,Larderot,alarderotnt@lulu.com,Female,246.232.45.218
859,Vanya,Toffanelli,vtoffanellinu@biblegateway.com,Female,64.48.143.68
860,Derek,Flatte,dflattenv@nhs.uk,Male,27.46.10.83
861,Kathlin,Bratcher,kbratchernw@nsw.gov.au,Female,82.116.181.135
862,Gabby,O'Doghesty,godoghestynx@zdnet.com,Male,60.67.102.199
863,Oralie,Lardez,olardezny@whitehouse.gov,Bigender,161.38.107.72
864,Wendall,Theobold,wtheoboldnz@discuz.net,Male,63.139.40.190
865,Huberto,Easby,heasbyo0@wired.com,Male,216.73.39.80
866,Salomone,Licence,slicenceo1@prweb.com,Male,166.154.9.206
867,Hube,McNeice,hmcneiceo2@tamu.edu,Male,152.222.45.244
868,Reece,Edwick,redwicko3@fastcompany.com,Genderfluid,87.219.223.165
869,Charline,Poltun,cpoltuno4@miibeian.gov.cn,Female,101.6.37.147
870,Gabey,Lapish,glapisho5@vimeo.com,Female,176.191.74.251
871,Silva,Bence,sbenceo6@tinyurl.com,Female,204.217.132.61
872,Nelia,Balsom,nbalsomo7@ucoz.com,Bigender,217.113.141.128
873,Oliver,Zotto,ozottoo8@csmonitor.com,Male,73.215.176.198
874,Clementine,Oxley,coxleyo9@mozilla.com,Female,115.56.243.139
875,Charlton,Hazelgrove,chazelgroveoa@soundcloud.com,Male,1.160.146.80
876,Jordain,Balfour,jbalfourob@zdnet.com,Female,99.18.179.241
877,Blanch,Yashnov,byashnovoc@delicious.com,Female,83.60.148.5
878,Noam,Orbon,norbonod@usda.gov,Male,33.158.51.20
879,Dulci,Winspire,dwinspireoe@google.es,Female,163.218.63.245
880,Mellisa,Villa,mvillaof@bloomberg.com,Female,225.200.228.177
881,Eleanor,Duddridge,eduddridgeog@oracle.com,Female,208.118.53.172
882,Ranna,Haddrill,rhaddrilloh@phpbb.com,Female,211.83.33.62
883,Riccardo,Kiltie,rkiltieoi@histats.com,Male,239.151.212.236
884,Salmon,Petrishchev,spetrishchevoj@xinhuanet.com,Male,237.229.231.207
885,Tobias,Foale,tfoaleok@microsoft.com,Male,255.81.132.177
886,Cammi,Rogan,croganol@sakura.ne.jp,Female,41.80.66.143
887,Cele,Reddick,creddickom@ameblo.jp,Female,187.75.226.147
888,Evyn,Lefort,eleforton@tamu.edu,Male,59.93.227.163
889,Jay,Skace,jskaceoo@mlb.com,Male,124.244.222.12
890,Othello,Garron,ogarronop@ibm.com,Male,64.38.191.123
891,Thia,Osipov,tosipovoq@vk.com,Female,9.61.212.225
892,Gaspard,Englishby,genglishbyor@fda.gov,Male,202.142.182.116
893,Van,Morot,vmorotos@bloglines.com,Female,193.70.97.147
894,Osbourne,Worgan,oworganot@a8.net,Male,205.176.168.193
895,Ruperto,McVitty,rmcvittyou@springer.com,Male,56.37.30.180
896,Eddie,Whatsize,ewhatsizeov@dmoz.org,Female,99.8.178.90
897,Nealson,Greveson,ngrevesonow@theglobeandmail.com,Male,8.152.133.62
898,Valenka,Creak,vcreakox@nih.gov,Polygender,179.62.200.211
899,Artair,Margerison,amargerisonoy@artisteer.com,Male,18.30.207.91
900,Verine,Odegaard,vodegaardoz@wikia.com,Female,2.233.142.78
901,Maxy,Erasmus,merasmusp0@baidu.com,Male,173.108.131.12
902,Rob,Hulstrom,rhulstromp1@blog.com,Male,25.176.83.108
903,Gordy,Klejna,gklejnap2@google.pl,Male,0.100.92.50
904,Bennett,Foyle,bfoylep3@diigo.com,Male,182.238.136.47
905,Si,Purvess,spurvessp4@oracle.com,Polygender,196.157.64.62
906,Traci,Kulis,tkulisp5@cbslocal.com,Female,138.49.153.141
907,Ainslee,Doram,adoramp6@google.pl,Female,25.205.232.16
908,Mirilla,Copello,mcopellop7@cbslocal.com,Female,178.31.191.85
909,Lianna,Casaccio,lcasacciop8@indiatimes.com,Female,157.97.68.152
910,Bernhard,Ferrino,bferrinop9@ning.com,Male,175.63.181.94
911,Ramsey,Clarkin,rclarkinpa@cocolog-nifty.com,Male,7.128.32.72
912,Johna,Haveline,jhavelinepb@trellian.com,Polygender,176.97.22.36
913,Carlina,Putland,cputlandpc@cornell.edu,Female,227.121.38.102
914,Pamella,Braime,pbraimepd@exblog.jp,Female,6.48.3.21
915,Gabrielle,May,gmaype@myspace.com,Female,245.215.100.244
916,Conney,Leitch,cleitchpf@zimbio.com,Male,199.162.33.60
917,Bonnee,McClay,bmcclaypg@twitpic.com,Female,30.42.112.73
918,Sheff,Shepard,sshepardph@craigslist.org,Genderqueer,100.128.11.57
919,Karna,Emerson,kemersonpi@chron.com,Female,171.178.184.38
920,Hyacinthia,Danielot,hdanielotpj@addthis.com,Female,161.113.100.182
921,Rita,Grimwood,rgrimwoodpk@paypal.com,Female,158.145.173.160
922,Rossy,Sandbach,rsandbachpl@delicious.com,Male,161.70.197.214
923,Jasper,De Cleyne,jdecleynepm@apple.com,Male,106.183.207.112
924,Alfy,Kyncl,akynclpn@oracle.com,Female,255.149.145.68
925,Evvy,Pristnor,epristnorpo@usa.gov,Female,51.170.218.149
926,Ailyn,Smout,asmoutpp@go.com,Female,75.97.139.97
927,Paddy,Stuart,pstuartpq@hugedomains.com,Bigender,93.59.136.30
928,Anabal,Iredale,airedalepr@nasa.gov,Female,219.43.9.195
929,Gabbey,Michieli,gmichielips@addtoany.com,Female,30.101.166.95
930,Georgiana,Esler,geslerpt@rambler.ru,Female,153.14.199.105
931,Daron,Hebbron,dhebbronpu@hud.gov,Male,95.156.191.236
932,Wynne,Zuppa,wzuppapv@state.gov,Female,236.51.26.35
933,Saba,Harnor,sharnorpw@lulu.com,Female,171.19.234.123
934,Christy,Weale,cwealepx@multiply.com,Male,140.94.4.72
935,Ainsley,Jasik,ajasikpy@about.com,Female,126.91.170.59
936,Garold,Wragg,gwraggpz@ebay.co.uk,Male,211.185.215.76
937,Galvan,Graeme,ggraemeq0@whitehouse.gov,Male,246.114.106.151
938,Jackie,Hassekl,jhasseklq1@independent.co.uk,Male,168.76.193.106
939,Dale,Walburn,dwalburnq2@nytimes.com,Male,245.159.127.19
940,Wynn,Langlais,wlanglaisq3@nationalgeographic.com,Male,66.172.175.196
941,Tracey,Foskin,tfoskinq4@microsoft.com,Genderfluid,86.85.237.105
942,Waylin,Tooze,wtoozeq5@fotki.com,Male,245.239.25.243
943,Muffin,Chaperling,mchaperlingq6@addthis.com,Male,247.251.11.222
944,Sammie,Kohnemann,skohnemannq7@wired.com,Male,71.8.91.160
945,Rory,Salway,rsalwayq8@kickstarter.com,Male,24.245.170.215
946,Gaultiero,Gratrix,ggratrixq9@mtv.com,Male,95.208.253.113
947,Hanna,Sercombe,hsercombeqa@economist.com,Female,166.185.75.101
948,Beth,Stalf,bstalfqb@whitehouse.gov,Polygender,40.253.98.95
949,Celestine,MacCaig,cmaccaigqc@comsenz.com,Female,72.185.222.187
950,Andeee,O'Dowling,aodowlingqd@livejournal.com,Female,188.171.8.166
951,Aeriel,Meaddowcroft,ameaddowcroftqe@springer.com,Female,138.253.233.242
952,Dougie,Frisch,dfrischqf@time.com,Male,76.204.19.47
953,Dulcine,Dobbyn,ddobbynqg@bizjournals.com,Female,84.211.185.205
954,Payton,Bigg,pbiggqh@symantec.com,Male,8.89.113.253
955,Nicolina,Mahady,nmahadyqi@ucoz.ru,Bigender,43.177.136.0
956,Thibaut,Jinkins,tjinkinsqj@chronoengine.com,Male,64.86.78.178
957,Lazare,Philpot,lphilpotqk@cloudflare.com,Male,130.74.172.0
958,Sanson,Richemont,srichemontql@geocities.com,Male,175.21.210.48
959,Parnell,Berzons,pberzonsqm@ucsd.edu,Male,199.39.147.198
960,Phoebe,Konerding,pkonerdingqn@google.pl,Female,72.14.162.51
961,Jory,Dowdam,jdowdamqo@wordpress.com,Genderfluid,166.156.66.170
962,Kareem,Enevoldsen,kenevoldsenqp@opensource.org,Male,105.204.25.166
963,Federica,Verna,fvernaqq@msu.edu,Female,178.130.74.155
964,Gran,Gilardi,ggilardiqr@amazon.com,Male,198.108.231.162
965,Everett,Strathern,estrathernqs@furl.net,Male,51.216.32.47
966,Essie,MacGuigan,emacguiganqt@facebook.com,Female,127.152.136.92
967,Bellina,Cargo,bcargoqu@wisc.edu,Female,115.38.130.74
968,Ian,Boyack,iboyackqv@skyrock.com,Male,134.210.244.72
969,Winfred,Lanfere,wlanfereqw@sciencedirect.com,Male,173.63.116.192
970,Pammie,Copins,pcopinsqx@dedecms.com,Female,165.229.158.37
971,Bridgette,Veryard,bveryardqy@arstechnica.com,Female,196.210.245.11
972,Casandra,Mitrikhin,cmitrikhinqz@istockphoto.com,Female,161.170.31.92
973,Berton,Wharby,bwharbyr0@livejournal.com,Male,153.249.50.54
974,Ysabel,Grinnikov,ygrinnikovr1@comsenz.com,Female,173.106.39.9
975,Jobi,Eades,jeadesr2@nba.com,Female,31.102.32.75
976,Hubey,Baldetti,hbaldettir3@themeforest.net,Male,68.161.16.133
977,Donny,Klaggeman,dklaggemanr4@thetimes.co.uk,Male,179.87.68.205
978,Calley,Biasioni,cbiasionir5@smugmug.com,Female,188.185.56.40
979,Keri,Moyne,kmoyner6@upenn.edu,Female,216.45.225.78
980,Mozelle,Hold,mholdr7@tripod.com,Female,238.54.159.243
981,Nowell,Hendriksen,nhendriksenr8@seattletimes.com,Male,218.9.197.186
982,Claudianus,Shadbolt,cshadboltr9@is.gd,Male,115.185.58.199
983,Evanne,Rupp,eruppra@live.com,Agender,133.212.73.151
984,Iain,Sutehall,isutehallrb@google.com.au,Male,167.223.59.173
985,Boony,Bengoechea,bbengoechearc@ifeng.com,Male,81.196.86.128
986,Harmonie,Rappaport,hrappaportrd@google.de,Female,110.61.222.243
987,Mame,Hovel,mhovelre@topsy.com,Non-binary,209.116.116.134
988,Hazel,MacGaughy,hmacgaughyrf@tiny.cc,Male,156.58.255.124
989,Flor,Bickell,fbickellrg@vkontakte.ru,Female,126.159.90.75
990,Jamesy,Euplate,jeuplaterh@de.vu,Male,145.71.124.94
991,Terrie,Donaghie,tdonaghieri@so-net.ne.jp,Female,49.32.62.212
992,Rosa,Betjes,rbetjesrj@wikia.com,Female,208.87.189.88
993,Bette-ann,Younglove,byoungloverk@dot.gov,Female,70.133.146.60
994,Marilee,Bisatt,mbisattrl@epa.gov,Female,178.66.105.168
995,Nikolaos,Ferrige,nferrigerm@utexas.edu,Male,165.99.27.241
996,Kerstin,Bowlas,kbowlasrn@paypal.com,Female,189.57.242.46
997,Elroy,Yourell,eyourellro@sphinn.com,Agender,131.16.123.144
998,Noak,Stillman,nstillmanrp@economist.com,Male,157.75.14.123
999,Ryann,Waring,rwaringrq@jiathis.com,Female,104.201.51.9
1000,Hendrik,Dunlop,hdunloprr@hubpages.com,Male,216.11.197.48
